Model,Accuracy,Precision,Recall,F1-Score,ROC-AUC
AdaBoost,0.7662337662337663,0.6875,0.6111111111111112,0.6470588235294118,0.8240740740740741
Random Forest,0.7532467532467533,0.66,0.6111111111111112,0.6346153846153846,0.8145370370370371
SVM (RBF Kernel),0.7467532467532467,0.6470588235294118,0.6111111111111112,0.6285714285714286,0.7933333333333333
Gradient Boosting,0.7467532467532467,0.6470588235294118,0.6111111111111112,0.6285714285714286,0.8320370370370371
XGBoost,0.7402597402597403,0.6296296296296297,0.6296296296296297,0.6296296296296297,0.8107407407407407
Logistic Regression,0.7142857142857143,0.6086956521739131,0.5185185185185185,0.56,0.8229629629629629
